Date,Open,High,Low,Close,Index
2021-09-07,,,,10.0545,SBI Balanced Advantage Fund
2021-09-08,,,,10.0679,SBI Balanced Advantage Fund
2021-09-09,,,,10.0694,SBI Balanced Advantage Fund
2021-09-13,,,,10.0709,SBI Balanced Advantage Fund
2021-09-14,,,,10.0872,SBI Balanced Advantage Fund
2021-09-15,,,,10.1069,SBI Balanced Advantage Fund
2021-09-16,,,,10.1402,SBI Balanced Advantage Fund
2021-09-17,,,,10.1428,SBI Balanced Advantage Fund
2021-09-20,,,,10.1247,SBI Balanced Advantage Fund
2021-09-21,,,,10.1337,SBI Balanced Advantage Fund
2021-09-22,,,,10.1402,SBI Balanced Advantage Fund
2021-09-23,,,,10.1911,SBI Balanced Advantage Fund
2021-09-24,,,,10.1922,SBI Balanced Advantage Fund
2021-09-27,,,,10.1889,SBI Balanced Advantage Fund
2021-09-28,,,,10.1888,SBI Balanced Advantage Fund
2021-09-29,,,,10.1937,SBI Balanced Advantage Fund
2021-09-30,,,,10.187,SBI Balanced Advantage Fund
2021-10-01,,,,10.183,SBI Balanced Advantage Fund
2021-10-04,,,,10.1982,SBI Balanced Advantage Fund
2021-10-05,,,,10.2077,SBI Balanced Advantage Fund
2021-10-06,,,,10.1861,SBI Balanced Advantage Fund
2021-10-07,,,,10.207,SBI Balanced Advantage Fund
2021-10-08,,,,10.2074,SBI Balanced Advantage Fund
2021-10-11,,,,10.2277,SBI Balanced Advantage Fund
2021-10-12,,,,10.2313,SBI Balanced Advantage Fund
2021-10-13,,,,10.2574,SBI Balanced Advantage Fund
2021-10-14,,,,10.2938,SBI Balanced Advantage Fund
2021-10-18,,,,10.3204,SBI Balanced Advantage Fund
2021-10-19,,,,10.2941,SBI Balanced Advantage Fund
2021-10-20,,,,10.2601,SBI Balanced Advantage Fund
2021-10-21,,,,10.2603,SBI Balanced Advantage Fund
2021-10-22,,,,10.2617,SBI Balanced Advantage Fund
2021-10-25,,,,10.2603,SBI Balanced Advantage Fund
2021-10-26,,,,10.2874,SBI Balanced Advantage Fund
2021-10-27,,,,10.2891,SBI Balanced Advantage Fund
2021-10-28,,,,10.2237,SBI Balanced Advantage Fund
2021-10-29,,,,10.2059,SBI Balanced Advantage Fund
2021-11-01,,,,10.2575,SBI Balanced Advantage Fund
2021-11-02,,,,10.2696,SBI Balanced Advantage Fund
2021-11-03,,,,10.2604,SBI Balanced Advantage Fund
2021-11-08,,,,10.308,SBI Balanced Advantage Fund
2021-11-09,,,,10.3123,SBI Balanced Advantage Fund
2021-11-10,,,,10.3188,SBI Balanced Advantage Fund
2021-11-11,,,,10.2791,SBI Balanced Advantage Fund
2021-11-12,,,,10.3269,SBI Balanced Advantage Fund
2021-11-15,,,,10.3388,SBI Balanced Advantage Fund
2021-11-16,,,,10.3233,SBI Balanced Advantage Fund
2021-11-17,,,,10.3146,SBI Balanced Advantage Fund
2021-11-18,,,,10.2702,SBI Balanced Advantage Fund
2021-11-22,,,,10.1918,SBI Balanced Advantage Fund
2021-11-23,,,,10.2218,SBI Balanced Advantage Fund
2021-11-24,,,,10.2117,SBI Balanced Advantage Fund
2021-11-25,,,,10.2237,SBI Balanced Advantage Fund
2021-11-26,,,,10.13,SBI Balanced Advantage Fund
2021-11-29,,,,10.1176,SBI Balanced Advantage Fund
2021-11-30,,,,10.1262,SBI Balanced Advantage Fund
2021-12-01,,,,10.1428,SBI Balanced Advantage Fund
2021-12-02,,,,10.1835,SBI Balanced Advantage Fund
2021-12-03,,,,10.1541,SBI Balanced Advantage Fund
2021-12-06,,,,10.101,SBI Balanced Advantage Fund
2021-12-07,,,,10.1476,SBI Balanced Advantage Fund
2021-12-08,,,,10.205,SBI Balanced Advantage Fund
2021-12-09,,,,10.2197,SBI Balanced Advantage Fund
2021-12-10,,,,10.2244,SBI Balanced Advantage Fund
2021-12-13,,,,10.2146,SBI Balanced Advantage Fund
2021-12-14,,,,10.2147,SBI Balanced Advantage Fund
2021-12-15,,,,10.1901,SBI Balanced Advantage Fund
2021-12-16,,,,10.1853,SBI Balanced Advantage Fund
2021-12-17,,,,10.1503,SBI Balanced Advantage Fund
2021-12-20,,,,10.0723,SBI Balanced Advantage Fund
2021-12-21,,,,10.1101,SBI Balanced Advantage Fund
2021-12-22,,,,10.1476,SBI Balanced Advantage Fund
2021-12-23,,,,10.1872,SBI Balanced Advantage Fund
2021-12-24,,,,10.177,SBI Balanced Advantage Fund
2021-12-27,,,,10.1972,SBI Balanced Advantage Fund
2021-12-28,,,,10.2282,SBI Balanced Advantage Fund
2021-12-29,,,,10.2329,SBI Balanced Advantage Fund
2021-12-30,,,,10.2349,SBI Balanced Advantage Fund
2021-12-31,,,,10.266,SBI Balanced Advantage Fund
2022-01-03,,,,10.3057,SBI Balanced Advantage Fund
2022-01-04,,,,10.329,SBI Balanced Advantage Fund
2022-01-05,,,,10.3409,SBI Balanced Advantage Fund
2022-01-06,,,,10.3189,SBI Balanced Advantage Fund
2022-01-07,,,,10.3214,SBI Balanced Advantage Fund
2022-01-10,,,,10.3508,SBI Balanced Advantage Fund
2022-01-11,,,,10.3651,SBI Balanced Advantage Fund
2022-01-12,,,,10.4019,SBI Balanced Advantage Fund
2022-01-13,,,,10.4165,SBI Balanced Advantage Fund
2022-01-14,,,,10.4108,SBI Balanced Advantage Fund
2022-01-17,,,,10.4185,SBI Balanced Advantage Fund
2022-01-18,,,,10.3638,SBI Balanced Advantage Fund
2022-01-19,,,,10.3288,SBI Balanced Advantage Fund
2022-01-20,,,,10.3072,SBI Balanced Advantage Fund
2022-01-21,,,,10.2618,SBI Balanced Advantage Fund
2022-01-24,,,,10.1591,SBI Balanced Advantage Fund
2022-01-25,,,,10.2011,SBI Balanced Advantage Fund
2022-01-27,,,,10.1617,SBI Balanced Advantage Fund
2022-01-28,,,,10.172,SBI Balanced Advantage Fund
2022-01-31,,,,10.2388,SBI Balanced Advantage Fund
2022-02-01,,,,10.272,SBI Balanced Advantage Fund
2022-02-02,,,,10.3007,SBI Balanced Advantage Fund
2022-02-03,,,,10.2788,SBI Balanced Advantage Fund
2022-02-04,,,,10.2591,SBI Balanced Advantage Fund
2022-02-07,,,,10.2183,SBI Balanced Advantage Fund
2022-02-08,,,,10.2215,SBI Balanced Advantage Fund
2022-02-09,,,,10.2572,SBI Balanced Advantage Fund
2022-02-10,,,,10.2965,SBI Balanced Advantage Fund
2022-02-11,,,,10.2535,SBI Balanced Advantage Fund
2022-02-14,,,,10.1491,SBI Balanced Advantage Fund
2022-02-15,,,,10.2266,SBI Balanced Advantage Fund
2022-02-16,,,,10.2372,SBI Balanced Advantage Fund
2022-02-17,,,,10.2374,SBI Balanced Advantage Fund
2022-02-18,,,,10.2219,SBI Balanced Advantage Fund
2022-02-21,,,,10.1976,SBI Balanced Advantage Fund
2022-02-22,,,,10.1658,SBI Balanced Advantage Fund
2022-02-23,,,,10.1685,SBI Balanced Advantage Fund
2022-02-24,,,,10.0032,SBI Balanced Advantage Fund
2022-02-25,,,,10.1122,SBI Balanced Advantage Fund
2022-02-28,,,,10.1449,SBI Balanced Advantage Fund
2022-03-02,,,,10.1139,SBI Balanced Advantage Fund
2022-03-03,,,,10.0973,SBI Balanced Advantage Fund
2022-03-04,,,,10.0447,SBI Balanced Advantage Fund
2022-03-07,,,,9.9806,SBI Balanced Advantage Fund
2022-03-08,,,,10.0201,SBI Balanced Advantage Fund
2022-03-09,,,,10.0821,SBI Balanced Advantage Fund
2022-03-10,,,,10.1352,SBI Balanced Advantage Fund
2022-03-11,,,,10.1555,SBI Balanced Advantage Fund
2022-03-14,,,,10.2072,SBI Balanced Advantage Fund
2022-03-15,,,,10.1764,SBI Balanced Advantage Fund
2022-03-16,,,,10.2535,SBI Balanced Advantage Fund
2022-03-17,,,,10.3217,SBI Balanced Advantage Fund
2022-03-21,,,,10.2757,SBI Balanced Advantage Fund
2022-03-22,,,,10.307,SBI Balanced Advantage Fund
2022-03-23,,,,10.2963,SBI Balanced Advantage Fund
2022-03-24,,,,10.2939,SBI Balanced Advantage Fund
2022-03-25,,,,10.2842,SBI Balanced Advantage Fund
2022-03-28,,,,10.3005,SBI Balanced Advantage Fund
2022-03-29,,,,10.3434,SBI Balanced Advantage Fund
2022-03-30,,,,10.3827,SBI Balanced Advantage Fund
2022-03-31,,,,10.3827,SBI Balanced Advantage Fund
2022-04-01,,,,10.4417,SBI Balanced Advantage Fund
2022-04-04,,,,10.5243,SBI Balanced Advantage Fund
2022-04-05,,,,10.5349,SBI Balanced Advantage Fund
2022-04-06,,,,10.504,SBI Balanced Advantage Fund
2022-04-07,,,,10.4916,SBI Balanced Advantage Fund
2022-04-08,,,,10.5153,SBI Balanced Advantage Fund
2022-04-11,,,,10.5124,SBI Balanced Advantage Fund
2022-04-12,,,,10.4689,SBI Balanced Advantage Fund
2022-04-13,,,,10.4617,SBI Balanced Advantage Fund
2022-04-18,,,,10.4192,SBI Balanced Advantage Fund
2022-04-19,,,,10.3635,SBI Balanced Advantage Fund
2022-04-20,,,,10.4097,SBI Balanced Advantage Fund
2022-04-21,,,,10.4512,SBI Balanced Advantage Fund
2022-04-22,,,,10.3963,SBI Balanced Advantage Fund
2022-04-25,,,,10.3215,SBI Balanced Advantage Fund
2022-04-26,,,,10.3777,SBI Balanced Advantage Fund
2022-04-27,,,,10.3352,SBI Balanced Advantage Fund
2022-04-28,,,,10.3854,SBI Balanced Advantage Fund
2022-04-29,,,,10.3416,SBI Balanced Advantage Fund
2022-05-02,,,,10.3275,SBI Balanced Advantage Fund
2022-05-04,,,,10.2144,SBI Balanced Advantage Fund
2022-05-05,,,,10.2283,SBI Balanced Advantage Fund
2022-05-06,,,,10.1683,SBI Balanced Advantage Fund
2022-05-09,,,,10.1353,SBI Balanced Advantage Fund
2022-05-10,,,,10.1141,SBI Balanced Advantage Fund
2022-05-11,,,,10.1047,SBI Balanced Advantage Fund
2022-05-12,,,,10.0336,SBI Balanced Advantage Fund
2022-05-13,,,,10.0391,SBI Balanced Advantage Fund
2022-05-16,,,,10.0685,SBI Balanced Advantage Fund
2022-05-17,,,,10.1579,SBI Balanced Advantage Fund
2022-05-18,,,,10.1406,SBI Balanced Advantage Fund
2022-05-19,,,,10.0505,SBI Balanced Advantage Fund
2022-05-20,,,,10.1483,SBI Balanced Advantage Fund
2022-05-23,,,,10.1468,SBI Balanced Advantage Fund
2022-05-24,,,,10.1258,SBI Balanced Advantage Fund
2022-05-25,,,,10.0986,SBI Balanced Advantage Fund
2022-05-26,,,,10.147,SBI Balanced Advantage Fund
2022-05-27,,,,10.1803,SBI Balanced Advantage Fund
2022-05-30,,,,10.2528,SBI Balanced Advantage Fund
2022-05-31,,,,10.2522,SBI Balanced Advantage Fund
2022-06-01,,,,10.2444,SBI Balanced Advantage Fund
2022-06-02,,,,10.2503,SBI Balanced Advantage Fund
2022-06-03,,,,10.2079,SBI Balanced Advantage Fund
2022-06-06,,,,10.1991,SBI Balanced Advantage Fund
2022-06-07,,,,10.1688,SBI Balanced Advantage Fund
2022-06-08,,,,10.1576,SBI Balanced Advantage Fund
2022-06-09,,,,10.1745,SBI Balanced Advantage Fund
2022-06-10,,,,10.0967,SBI Balanced Advantage Fund
2022-06-13,,,,9.989,SBI Balanced Advantage Fund
2022-06-14,,,,9.9904,SBI Balanced Advantage Fund
2022-06-15,,,,9.9942,SBI Balanced Advantage Fund
2022-06-16,,,,9.9055,SBI Balanced Advantage Fund
2022-06-17,,,,9.8727,SBI Balanced Advantage Fund
2022-06-20,,,,9.8729,SBI Balanced Advantage Fund
2022-06-21,,,,9.947,SBI Balanced Advantage Fund
2022-06-22,,,,9.9072,SBI Balanced Advantage Fund
2022-06-23,,,,9.9451,SBI Balanced Advantage Fund
2022-06-24,,,,9.9767,SBI Balanced Advantage Fund
2022-06-27,,,,10.0324,SBI Balanced Advantage Fund
2022-06-28,,,,10.044,SBI Balanced Advantage Fund
2022-06-29,,,,10.0329,SBI Balanced Advantage Fund
2022-06-30,,,,10.0195,SBI Balanced Advantage Fund
2022-07-01,,,,10.0387,SBI Balanced Advantage Fund
2022-07-04,,,,10.0763,SBI Balanced Advantage Fund
2022-07-05,,,,10.0773,SBI Balanced Advantage Fund
2022-07-06,,,,10.1243,SBI Balanced Advantage Fund
2022-07-07,,,,10.166,SBI Balanced Advantage Fund
2022-07-08,,,,10.1867,SBI Balanced Advantage Fund
2022-07-11,,,,10.1891,SBI Balanced Advantage Fund
2022-07-12,,,,10.1568,SBI Balanced Advantage Fund
2022-07-13,,,,10.141,SBI Balanced Advantage Fund
2022-07-14,,,,10.1391,SBI Balanced Advantage Fund
2022-07-15,,,,10.156,SBI Balanced Advantage Fund
2022-07-18,,,,10.2053,SBI Balanced Advantage Fund
2022-07-19,,,,10.2221,SBI Balanced Advantage Fund
2022-07-20,,,,10.2592,SBI Balanced Advantage Fund
2022-07-21,,,,10.2992,SBI Balanced Advantage Fund
2022-07-22,,,,10.3132,SBI Balanced Advantage Fund
2022-07-25,,,,10.3094,SBI Balanced Advantage Fund
2022-07-26,,,,10.2766,SBI Balanced Advantage Fund
2022-07-27,,,,10.3202,SBI Balanced Advantage Fund
2022-07-28,,,,10.3674,SBI Balanced Advantage Fund
2022-07-29,,,,10.4157,SBI Balanced Advantage Fund
2022-08-01,,,,10.4752,SBI Balanced Advantage Fund
2022-08-02,,,,10.4619,SBI Balanced Advantage Fund
2022-08-03,,,,10.461,SBI Balanced Advantage Fund
2022-08-04,,,,10.4664,SBI Balanced Advantage Fund
2022-08-05,,,,10.4615,SBI Balanced Advantage Fund
2022-08-08,,,,10.4865,SBI Balanced Advantage Fund
2022-08-10,,,,10.4815,SBI Balanced Advantage Fund
2022-08-11,,,,10.5188,SBI Balanced Advantage Fund
2022-08-12,,,,10.5363,SBI Balanced Advantage Fund
2022-08-16,,,,10.5898,SBI Balanced Advantage Fund
2022-08-17,,,,10.6197,SBI Balanced Advantage Fund
2022-08-18,,,,10.629,SBI Balanced Advantage Fund
2022-08-19,,,,10.5835,SBI Balanced Advantage Fund
2022-08-22,,,,10.5095,SBI Balanced Advantage Fund
2022-08-23,,,,10.5397,SBI Balanced Advantage Fund
2022-08-24,,,,10.5498,SBI Balanced Advantage Fund
2022-08-25,,,,10.5466,SBI Balanced Advantage Fund
2022-08-26,,,,10.5656,SBI Balanced Advantage Fund
2022-08-29,,,,10.5006,SBI Balanced Advantage Fund
2022-08-30,,,,10.6282,SBI Balanced Advantage Fund
2022-09-01,,,,10.6161,SBI Balanced Advantage Fund
2022-09-02,,,,10.6321,SBI Balanced Advantage Fund
2022-09-05,,,,10.6621,SBI Balanced Advantage Fund
2022-09-06,,,,10.6679,SBI Balanced Advantage Fund
2022-09-07,,,,10.6646,SBI Balanced Advantage Fund
2022-09-08,,,,10.7213,SBI Balanced Advantage Fund
2022-09-09,,,,10.7417,SBI Balanced Advantage Fund
2022-09-12,,,,10.7775,SBI Balanced Advantage Fund
2022-09-13,,,,10.8168,SBI Balanced Advantage Fund
2022-09-14,,,,10.7982,SBI Balanced Advantage Fund
2022-09-15,,,,10.7779,SBI Balanced Advantage Fund
2022-09-16,,,,10.6746,SBI Balanced Advantage Fund
2022-09-19,,,,10.6668,SBI Balanced Advantage Fund
2022-09-20,,,,10.7289,SBI Balanced Advantage Fund
2022-09-21,,,,10.7021,SBI Balanced Advantage Fund
2022-09-22,,,,10.6682,SBI Balanced Advantage Fund
2022-09-23,,,,10.5822,SBI Balanced Advantage Fund
2022-09-26,,,,10.4727,SBI Balanced Advantage Fund
2022-09-27,,,,10.471,SBI Balanced Advantage Fund
2022-09-28,,,,10.4389,SBI Balanced Advantage Fund
2022-09-29,,,,10.4503,SBI Balanced Advantage Fund
2022-09-30,,,,10.5128,SBI Balanced Advantage Fund
2022-10-03,,,,10.4616,SBI Balanced Advantage Fund
2022-10-04,,,,10.5781,SBI Balanced Advantage Fund
2022-10-06,,,,10.6103,SBI Balanced Advantage Fund
2022-10-07,,,,10.5963,SBI Balanced Advantage Fund
2022-10-10,,,,10.5731,SBI Balanced Advantage Fund
2022-10-11,,,,10.5119,SBI Balanced Advantage Fund
2022-10-12,,,,10.5501,SBI Balanced Advantage Fund
2022-10-13,,,,10.5203,SBI Balanced Advantage Fund
2022-10-14,,,,10.5543,SBI Balanced Advantage Fund
2022-10-17,,,,10.5818,SBI Balanced Advantage Fund
2022-10-18,,,,10.6391,SBI Balanced Advantage Fund
2022-10-19,,,,10.64,SBI Balanced Advantage Fund
2022-10-20,,,,10.6655,SBI Balanced Advantage Fund
2022-10-21,,,,10.6677,SBI Balanced Advantage Fund
2022-10-25,,,,10.7475,SBI Balanced Advantage Fund
2022-10-27,,,,10.7893,SBI Balanced Advantage Fund
2022-10-28,,,,10.7811,SBI Balanced Advantage Fund
2022-10-31,,,,10.843,SBI Balanced Advantage Fund
2022-11-01,,,,10.8719,SBI Balanced Advantage Fund
2022-11-02,,,,10.862,SBI Balanced Advantage Fund
2022-11-03,,,,10.8407,SBI Balanced Advantage Fund
2022-11-04,,,,10.8371,SBI Balanced Advantage Fund
2022-11-07,,,,10.8778,SBI Balanced Advantage Fund
2022-11-09,,,,10.8667,SBI Balanced Advantage Fund
2022-11-10,,,,10.8275,SBI Balanced Advantage Fund
2022-11-11,,,,10.8857,SBI Balanced Advantage Fund
2022-11-14,,,,10.8788,SBI Balanced Advantage Fund
2022-11-15,,,,10.8998,SBI Balanced Advantage Fund
2022-11-16,,,,10.898,SBI Balanced Advantage Fund
2022-11-17,,,,10.8722,SBI Balanced Advantage Fund
2022-11-18,,,,10.8527,SBI Balanced Advantage Fund
2022-11-21,,,,10.8312,SBI Balanced Advantage Fund
2022-11-22,,,,10.8488,SBI Balanced Advantage Fund
2022-11-23,,,,10.8601,SBI Balanced Advantage Fund
2022-11-24,,,,10.9203,SBI Balanced Advantage Fund
2022-11-25,,,,10.9261,SBI Balanced Advantage Fund
2022-11-28,,,,10.9464,SBI Balanced Advantage Fund
2022-11-29,,,,10.9494,SBI Balanced Advantage Fund
2022-11-30,,,,10.9908,SBI Balanced Advantage Fund
2022-12-01,,,,11.0218,SBI Balanced Advantage Fund
2022-12-02,,,,11.0115,SBI Balanced Advantage Fund
2022-12-05,,,,11.0087,SBI Balanced Advantage Fund
2022-12-06,,,,10.9866,SBI Balanced Advantage Fund
2022-12-07,,,,10.9786,SBI Balanced Advantage Fund
2022-12-08,,,,10.9931,SBI Balanced Advantage Fund
2022-12-09,,,,10.9731,SBI Balanced Advantage Fund
2022-12-12,,,,10.9819,SBI Balanced Advantage Fund
2022-12-13,,,,11.0196,SBI Balanced Advantage Fund
2022-12-14,,,,11.0592,SBI Balanced Advantage Fund
2022-12-15,,,,11.0041,SBI Balanced Advantage Fund
2022-12-16,,,,10.9508,SBI Balanced Advantage Fund
2022-12-19,,,,10.9895,SBI Balanced Advantage Fund
2022-12-20,,,,10.9796,SBI Balanced Advantage Fund
2022-12-21,,,,10.9242,SBI Balanced Advantage Fund
2022-12-22,,,,10.8861,SBI Balanced Advantage Fund
2022-12-23,,,,10.7873,SBI Balanced Advantage Fund
2022-12-26,,,,10.8642,SBI Balanced Advantage Fund
2022-12-27,,,,10.8954,SBI Balanced Advantage Fund
2022-12-28,,,,10.8949,SBI Balanced Advantage Fund
2022-12-29,,,,10.9153,SBI Balanced Advantage Fund
2022-12-30,,,,10.9021,SBI Balanced Advantage Fund
2023-01-02,,,,10.9381,SBI Balanced Advantage Fund
2023-01-03,,,,10.9568,SBI Balanced Advantage Fund
2023-01-04,,,,10.9227,SBI Balanced Advantage Fund
2023-01-05,,,,10.9307,SBI Balanced Advantage Fund
2023-01-06,,,,10.9032,SBI Balanced Advantage Fund
2023-01-09,,,,10.9713,SBI Balanced Advantage Fund
2023-01-10,,,,10.9506,SBI Balanced Advantage Fund
2023-01-11,,,,10.9468,SBI Balanced Advantage Fund
2023-01-12,,,,10.9423,SBI Balanced Advantage Fund
2023-01-13,,,,10.9574,SBI Balanced Advantage Fund
2023-01-16,,,,10.9522,SBI Balanced Advantage Fund
2023-01-17,,,,10.9833,SBI Balanced Advantage Fund
2023-01-18,,,,11.0165,SBI Balanced Advantage Fund
2023-01-19,,,,11.0137,SBI Balanced Advantage Fund
2023-01-20,,,,10.9962,SBI Balanced Advantage Fund
2023-01-23,,,,11.0315,SBI Balanced Advantage Fund
2023-01-24,,,,11.0307,SBI Balanced Advantage Fund
2023-01-25,,,,10.971,SBI Balanced Advantage Fund
2023-01-27,,,,10.9152,SBI Balanced Advantage Fund
2023-01-30,,,,10.8865,SBI Balanced Advantage Fund
2023-01-31,,,,10.9113,SBI Balanced Advantage Fund
2023-02-01,,,,10.9144,SBI Balanced Advantage Fund
2023-02-02,,,,10.9281,SBI Balanced Advantage Fund
2023-02-03,,,,10.9683,SBI Balanced Advantage Fund
2023-02-06,,,,10.9681,SBI Balanced Advantage Fund
2023-02-07,,,,10.948,SBI Balanced Advantage Fund
2023-02-08,,,,10.9622,SBI Balanced Advantage Fund
2023-02-09,,,,10.9634,SBI Balanced Advantage Fund
2023-02-10,,,,10.9662,SBI Balanced Advantage Fund
2023-02-13,,,,10.9488,SBI Balanced Advantage Fund
2023-02-14,,,,10.9741,SBI Balanced Advantage Fund
2023-02-15,,,,11.0145,SBI Balanced Advantage Fund
2023-02-16,,,,11.0366,SBI Balanced Advantage Fund
2023-02-17,,,,11.0148,SBI Balanced Advantage Fund
2023-02-20,,,,11.0005,SBI Balanced Advantage Fund
2023-02-21,,,,10.9948,SBI Balanced Advantage Fund
2023-02-22,,,,10.9321,SBI Balanced Advantage Fund
2023-02-23,,,,10.937,SBI Balanced Advantage Fund
2023-02-24,,,,10.9326,SBI Balanced Advantage Fund
2023-02-27,,,,10.9182,SBI Balanced Advantage Fund
2023-02-28,,,,10.9092,SBI Balanced Advantage Fund
2023-03-01,,,,10.956,SBI Balanced Advantage Fund
2023-03-02,,,,10.9346,SBI Balanced Advantage Fund
2023-03-03,,,,10.996,SBI Balanced Advantage Fund
2023-03-06,,,,11.0217,SBI Balanced Advantage Fund
2023-03-08,,,,11.0396,SBI Balanced Advantage Fund
2023-03-09,,,,11.0086,SBI Balanced Advantage Fund
2023-03-10,,,,10.9843,SBI Balanced Advantage Fund
2023-03-13,,,,10.9423,SBI Balanced Advantage Fund
2023-03-14,,,,10.927,SBI Balanced Advantage Fund
2023-03-15,,,,10.9243,SBI Balanced Advantage Fund
2023-03-16,,,,10.9319,SBI Balanced Advantage Fund
2023-03-17,,,,10.97,SBI Balanced Advantage Fund
2023-03-20,,,,10.946,SBI Balanced Advantage Fund
2023-03-21,,,,10.9617,SBI Balanced Advantage Fund
2023-03-22,,,,10.983,SBI Balanced Advantage Fund
2023-03-23,,,,10.9633,SBI Balanced Advantage Fund
2023-03-24,,,,10.9267,SBI Balanced Advantage Fund
2023-03-27,,,,10.9084,SBI Balanced Advantage Fund
2023-03-28,,,,10.8864,SBI Balanced Advantage Fund
2023-03-29,,,,10.9409,SBI Balanced Advantage Fund
2023-03-31,,,,11.0162,SBI Balanced Advantage Fund
2023-04-03,,,,11.0418,SBI Balanced Advantage Fund
2023-04-05,,,,11.0748,SBI Balanced Advantage Fund
2023-04-06,,,,11.0966,SBI Balanced Advantage Fund
2023-04-10,,,,11.1195,SBI Balanced Advantage Fund
2023-04-11,,,,11.1562,SBI Balanced Advantage Fund
2023-04-12,,,,11.1812,SBI Balanced Advantage Fund
2023-04-13,,,,11.1887,SBI Balanced Advantage Fund
2023-04-17,,,,11.1761,SBI Balanced Advantage Fund
2023-04-18,,,,11.1861,SBI Balanced Advantage Fund
2023-04-19,,,,11.168,SBI Balanced Advantage Fund
2023-04-20,,,,11.1921,SBI Balanced Advantage Fund
2023-04-21,,,,11.1829,SBI Balanced Advantage Fund
2023-04-24,,,,11.2221,SBI Balanced Advantage Fund
2023-04-25,,,,11.2331,SBI Balanced Advantage Fund
2023-04-26,,,,11.2662,SBI Balanced Advantage Fund
2023-04-27,,,,11.2927,SBI Balanced Advantage Fund
2023-04-28,,,,11.3313,SBI Balanced Advantage Fund
2023-05-02,,,,11.3575,SBI Balanced Advantage Fund
2023-05-03,,,,11.3599,SBI Balanced Advantage Fund
2023-05-04,,,,11.4029,SBI Balanced Advantage Fund
2023-05-05,,,,11.3647,SBI Balanced Advantage Fund
2023-05-08,,,,11.4261,SBI Balanced Advantage Fund
2023-05-09,,,,11.421,SBI Balanced Advantage Fund
2023-05-10,,,,11.4467,SBI Balanced Advantage Fund
2023-05-11,,,,11.4421,SBI Balanced Advantage Fund
2023-05-12,,,,11.4455,SBI Balanced Advantage Fund
2023-05-15,,,,11.5053,SBI Balanced Advantage Fund
2023-05-16,,,,11.5033,SBI Balanced Advantage Fund
2023-05-17,,,,11.4774,SBI Balanced Advantage Fund
2023-05-18,,,,11.448,SBI Balanced Advantage Fund
2023-05-19,,,,11.4846,SBI Balanced Advantage Fund
2023-05-22,,,,11.5302,SBI Balanced Advantage Fund
2023-05-23,,,,11.5356,SBI Balanced Advantage Fund
2023-05-24,,,,11.5187,SBI Balanced Advantage Fund
2023-05-25,,,,11.5237,SBI Balanced Advantage Fund
2023-05-26,,,,11.5701,SBI Balanced Advantage Fund
2023-05-29,,,,11.6001,SBI Balanced Advantage Fund
2023-05-30,,,,11.6075,SBI Balanced Advantage Fund
2023-05-31,,,,11.6007,SBI Balanced Advantage Fund
2023-06-01,,,,11.6039,SBI Balanced Advantage Fund
2023-06-02,,,,11.6232,SBI Balanced Advantage Fund
2023-06-05,,,,11.6631,SBI Balanced Advantage Fund
2023-06-06,,,,11.681,SBI Balanced Advantage Fund
2023-06-07,,,,11.744,SBI Balanced Advantage Fund
2023-06-08,,,,11.7131,SBI Balanced Advantage Fund
2023-06-09,,,,11.7038,SBI Balanced Advantage Fund
2023-06-12,,,,11.7241,SBI Balanced Advantage Fund
2023-06-13,,,,11.7605,SBI Balanced Advantage Fund
2023-06-14,,,,11.7648,SBI Balanced Advantage Fund
2023-06-15,,,,11.7456,SBI Balanced Advantage Fund
2023-06-16,,,,11.7918,SBI Balanced Advantage Fund
2023-06-19,,,,11.7853,SBI Balanced Advantage Fund
2023-06-20,,,,11.8263,SBI Balanced Advantage Fund
2023-06-21,,,,11.8292,SBI Balanced Advantage Fund
2023-06-22,,,,11.8027,SBI Balanced Advantage Fund
2023-06-23,,,,11.7617,SBI Balanced Advantage Fund
2023-06-26,,,,11.7715,SBI Balanced Advantage Fund
2023-06-27,,,,11.8186,SBI Balanced Advantage Fund
2023-06-28,,,,11.8511,SBI Balanced Advantage Fund
2023-06-30,,,,11.9204,SBI Balanced Advantage Fund
2023-07-03,,,,11.9552,SBI Balanced Advantage Fund
2023-07-04,,,,11.9551,SBI Balanced Advantage Fund
2023-07-05,,,,11.9785,SBI Balanced Advantage Fund
2023-07-06,,,,12.0374,SBI Balanced Advantage Fund
2023-07-07,,,,12.0014,SBI Balanced Advantage Fund
2023-07-10,,,,11.9979,SBI Balanced Advantage Fund
2023-07-11,,,,12.0196,SBI Balanced Advantage Fund
2023-07-12,,,,12.0145,SBI Balanced Advantage Fund
2023-07-13,,,,12.0124,SBI Balanced Advantage Fund
2023-07-14,,,,12.0776,SBI Balanced Advantage Fund
2023-07-17,,,,12.1147,SBI Balanced Advantage Fund
2023-07-18,,,,12.1159,SBI Balanced Advantage Fund
2023-07-19,,,,12.1494,SBI Balanced Advantage Fund
2023-07-20,,,,12.1987,SBI Balanced Advantage Fund
2023-07-21,,,,12.182,SBI Balanced Advantage Fund
2023-07-24,,,,12.1763,SBI Balanced Advantage Fund
2023-07-25,,,,12.1998,SBI Balanced Advantage Fund
2023-07-26,,,,12.2344,SBI Balanced Advantage Fund
2023-07-27,,,,12.2146,SBI Balanced Advantage Fund
2023-07-28,,,,12.2188,SBI Balanced Advantage Fund
2023-07-31,,,,12.2719,SBI Balanced Advantage Fund
2023-08-01,,,,12.2845,SBI Balanced Advantage Fund
2023-08-02,,,,12.1894,SBI Balanced Advantage Fund
2023-08-03,,,,12.1665,SBI Balanced Advantage Fund
2023-08-04,,,,12.2051,SBI Balanced Advantage Fund
2023-08-07,,,,12.208,SBI Balanced Advantage Fund
2023-08-08,,,,12.2216,SBI Balanced Advantage Fund
2023-08-09,,,,12.2559,SBI Balanced Advantage Fund
2023-08-10,,,,12.2468,SBI Balanced Advantage Fund
2023-08-11,,,,12.2037,SBI Balanced Advantage Fund
2023-08-14,,,,12.1854,SBI Balanced Advantage Fund
2023-08-16,,,,12.1991,SBI Balanced Advantage Fund
2023-08-17,,,,12.175,SBI Balanced Advantage Fund
2023-08-18,,,,12.1602,SBI Balanced Advantage Fund
2023-08-21,,,,12.1957,SBI Balanced Advantage Fund
2023-08-22,,,,12.2266,SBI Balanced Advantage Fund
2023-08-23,,,,12.2544,SBI Balanced Advantage Fund
2023-08-24,,,,12.238,SBI Balanced Advantage Fund
2023-08-25,,,,12.2025,SBI Balanced Advantage Fund
2023-08-28,,,,12.2332,SBI Balanced Advantage Fund
2023-08-29,,,,12.2428,SBI Balanced Advantage Fund
2023-08-30,,,,12.2441,SBI Balanced Advantage Fund
2023-08-31,,,,12.224,SBI Balanced Advantage Fund
2023-09-01,,,,12.2937,SBI Balanced Advantage Fund
2023-09-04,,,,12.3519,SBI Balanced Advantage Fund
2023-09-05,,,,12.3588,SBI Balanced Advantage Fund
2023-09-06,,,,12.3753,SBI Balanced Advantage Fund
2023-09-07,,,,12.423,SBI Balanced Advantage Fund
2023-09-08,,,,12.4662,SBI Balanced Advantage Fund
2023-09-11,,,,12.5172,SBI Balanced Advantage Fund
2023-09-12,,,,12.4313,SBI Balanced Advantage Fund
2023-09-13,,,,12.4674,SBI Balanced Advantage Fund
2023-09-14,,,,12.5168,SBI Balanced Advantage Fund
2023-09-15,,,,12.5401,SBI Balanced Advantage Fund
2023-09-18,,,,12.5249,SBI Balanced Advantage Fund
2023-09-20,,,,12.4736,SBI Balanced Advantage Fund
2023-09-21,,,,12.4186,SBI Balanced Advantage Fund
2023-09-22,,,,12.3987,SBI Balanced Advantage Fund
2023-09-25,,,,12.3992,SBI Balanced Advantage Fund
2023-09-26,,,,12.4044,SBI Balanced Advantage Fund
2023-09-27,,,,12.4132,SBI Balanced Advantage Fund
2023-09-29,,,,12.4151,SBI Balanced Advantage Fund
2023-10-03,,,,12.3939,SBI Balanced Advantage Fund
2023-10-04,,,,12.3493,SBI Balanced Advantage Fund
2023-10-05,,,,12.368,SBI Balanced Advantage Fund
2023-10-06,,,,12.3787,SBI Balanced Advantage Fund
2023-10-09,,,,12.3183,SBI Balanced Advantage Fund
2023-10-10,,,,12.3771,SBI Balanced Advantage Fund
2023-10-11,,,,12.4156,SBI Balanced Advantage Fund
2023-10-12,,,,12.4236,SBI Balanced Advantage Fund
2023-10-13,,,,12.431,SBI Balanced Advantage Fund
2023-10-16,,,,12.4416,SBI Balanced Advantage Fund
2023-10-17,,,,12.4746,SBI Balanced Advantage Fund
2023-10-18,,,,12.4277,SBI Balanced Advantage Fund
2023-10-19,,,,12.4043,SBI Balanced Advantage Fund
2023-10-20,,,,12.3708,SBI Balanced Advantage Fund
2023-10-23,,,,12.272,SBI Balanced Advantage Fund
2023-10-25,,,,12.2412,SBI Balanced Advantage Fund
2023-10-26,,,,12.1781,SBI Balanced Advantage Fund
2023-10-27,,,,12.2316,SBI Balanced Advantage Fund
2023-10-30,,,,12.2448,SBI Balanced Advantage Fund
2023-10-31,,,,12.2297,SBI Balanced Advantage Fund
2023-11-01,,,,12.2143,SBI Balanced Advantage Fund
2023-11-02,,,,12.2772,SBI Balanced Advantage Fund
2023-11-03,,,,12.3148,SBI Balanced Advantage Fund
2023-11-06,,,,12.3527,SBI Balanced Advantage Fund
2023-11-07,,,,12.3709,SBI Balanced Advantage Fund
2023-11-08,,,,12.3881,SBI Balanced Advantage Fund
2023-11-09,,,,12.3751,SBI Balanced Advantage Fund
2023-11-10,,,,12.4082,SBI Balanced Advantage Fund
2023-11-13,,,,12.4237,SBI Balanced Advantage Fund
2023-11-15,,,,12.5132,SBI Balanced Advantage Fund
2023-11-16,,,,12.5429,SBI Balanced Advantage Fund
2023-11-17,,,,12.5371,SBI Balanced Advantage Fund
2023-11-20,,,,12.5307,SBI Balanced Advantage Fund
2023-11-21,,,,12.5608,SBI Balanced Advantage Fund
2023-11-22,,,,12.5635,SBI Balanced Advantage Fund
2023-11-23,,,,12.5627,SBI Balanced Advantage Fund
2023-11-24,,,,12.564,SBI Balanced Advantage Fund
2023-11-28,,,,12.5987,SBI Balanced Advantage Fund
2023-11-29,,,,12.6737,SBI Balanced Advantage Fund
2023-11-30,,,,12.7089,SBI Balanced Advantage Fund
2023-12-01,,,,12.7321,SBI Balanced Advantage Fund
2023-12-04,,,,12.8509,SBI Balanced Advantage Fund
2023-12-05,,,,12.9026,SBI Balanced Advantage Fund
2023-12-06,,,,12.9189,SBI Balanced Advantage Fund
2023-12-07,,,,12.9486,SBI Balanced Advantage Fund
2023-12-08,,,,12.9266,SBI Balanced Advantage Fund
2023-12-11,,,,12.9361,SBI Balanced Advantage Fund
2023-12-12,,,,12.9025,SBI Balanced Advantage Fund
2023-12-13,,,,12.9476,SBI Balanced Advantage Fund
2023-12-14,,,,13.0054,SBI Balanced Advantage Fund
2023-12-15,,,,13.0552,SBI Balanced Advantage Fund
2023-12-18,,,,13.0734,SBI Balanced Advantage Fund
2023-12-19,,,,13.0583,SBI Balanced Advantage Fund
2023-12-21,,,,12.9807,SBI Balanced Advantage Fund
2023-12-22,,,,13.0545,SBI Balanced Advantage Fund
2023-12-26,,,,13.0978,SBI Balanced Advantage Fund
2023-12-27,,,,13.1422,SBI Balanced Advantage Fund
2023-12-28,,,,13.2017,SBI Balanced Advantage Fund
2023-12-29,,,,13.2454,SBI Balanced Advantage Fund
2024-01-01,,,,13.2799,SBI Balanced Advantage Fund
2024-01-02,,,,13.2673,SBI Balanced Advantage Fund
2024-01-03,,,,13.2581,SBI Balanced Advantage Fund
2024-01-04,,,,13.3212,SBI Balanced Advantage Fund
2024-01-05,,,,13.341,SBI Balanced Advantage Fund
2024-01-08,,,,13.2833,SBI Balanced Advantage Fund
2024-01-09,,,,13.3096,SBI Balanced Advantage Fund
2024-01-10,,,,13.3325,SBI Balanced Advantage Fund
2024-01-11,,,,13.3592,SBI Balanced Advantage Fund
2024-01-12,,,,13.3966,SBI Balanced Advantage Fund
2024-01-15,,,,13.4659,SBI Balanced Advantage Fund
2024-01-16,,,,13.4666,SBI Balanced Advantage Fund
2024-01-17,,,,13.3494,SBI Balanced Advantage Fund
2024-01-18,,,,13.3467,SBI Balanced Advantage Fund
2024-01-19,,,,13.4112,SBI Balanced Advantage Fund
2024-01-23,,,,13.3143,SBI Balanced Advantage Fund
2024-01-24,,,,13.4161,SBI Balanced Advantage Fund
2024-01-25,,,,13.3916,SBI Balanced Advantage Fund
2024-01-29,,,,13.5145,SBI Balanced Advantage Fund
2024-01-30,,,,13.5047,SBI Balanced Advantage Fund
2024-01-31,,,,13.5956,SBI Balanced Advantage Fund
2024-02-01,,,,13.6184,SBI Balanced Advantage Fund
2024-02-02,,,,13.673,SBI Balanced Advantage Fund
2024-02-05,,,,13.7289,SBI Balanced Advantage Fund
2024-02-06,,,,13.8216,SBI Balanced Advantage Fund
2024-02-07,,,,13.8041,SBI Balanced Advantage Fund
2024-02-08,,,,13.8067,SBI Balanced Advantage Fund
2024-02-09,,,,13.7746,SBI Balanced Advantage Fund
2024-02-12,,,,13.6629,SBI Balanced Advantage Fund
2024-02-13,,,,13.6955,SBI Balanced Advantage Fund
2024-02-14,,,,13.7636,SBI Balanced Advantage Fund
2024-02-15,,,,13.8538,SBI Balanced Advantage Fund
2024-02-16,,,,13.8632,SBI Balanced Advantage Fund
2024-02-19,,,,13.889,SBI Balanced Advantage Fund
2024-02-20,,,,13.8991,SBI Balanced Advantage Fund
2024-02-21,,,,13.8522,SBI Balanced Advantage Fund
2024-02-22,,,,13.886,SBI Balanced Advantage Fund
2024-02-23,,,,13.9027,SBI Balanced Advantage Fund
2024-02-26,,,,13.891,SBI Balanced Advantage Fund
2024-02-27,,,,13.9152,SBI Balanced Advantage Fund
2024-02-28,,,,13.8436,SBI Balanced Advantage Fund
2024-02-29,,,,13.8594,SBI Balanced Advantage Fund
2024-03-01,,,,13.9367,SBI Balanced Advantage Fund
2024-03-04,,,,13.9927,SBI Balanced Advantage Fund
2024-03-05,,,,14.0067,SBI Balanced Advantage Fund
2024-03-06,,,,13.9905,SBI Balanced Advantage Fund
2024-03-07,,,,14.0245,SBI Balanced Advantage Fund
2024-03-11,,,,13.9909,SBI Balanced Advantage Fund
2024-03-12,,,,13.9548,SBI Balanced Advantage Fund
2024-03-13,,,,13.7759,SBI Balanced Advantage Fund
2024-03-14,,,,13.8443,SBI Balanced Advantage Fund
2024-03-15,,,,13.8185,SBI Balanced Advantage Fund
2024-03-18,,,,13.8406,SBI Balanced Advantage Fund
2024-03-19,,,,13.806,SBI Balanced Advantage Fund
2024-03-20,,,,13.7944,SBI Balanced Advantage Fund
2024-03-21,,,,13.8863,SBI Balanced Advantage Fund
2024-03-22,,,,13.9262,SBI Balanced Advantage Fund
2024-03-26,,,,13.9584,SBI Balanced Advantage Fund
2024-03-27,,,,13.9904,SBI Balanced Advantage Fund
2024-03-28,,,,14.035,SBI Balanced Advantage Fund
2024-03-31,,,,14.0362,SBI Balanced Advantage Fund
2024-04-01,,,,14.1099,SBI Balanced Advantage Fund
2024-04-02,,,,14.1363,SBI Balanced Advantage Fund
2024-04-03,,,,14.1736,SBI Balanced Advantage Fund
2024-04-04,,,,14.1781,SBI Balanced Advantage Fund
2024-04-05,,,,14.1939,SBI Balanced Advantage Fund
2024-04-08,,,,14.2522,SBI Balanced Advantage Fund
2024-04-09,,,,14.2558,SBI Balanced Advantage Fund
2024-04-10,,,,14.2802,SBI Balanced Advantage Fund
2024-04-12,,,,14.2325,SBI Balanced Advantage Fund
2024-04-15,,,,14.1846,SBI Balanced Advantage Fund
2024-04-16,,,,14.1865,SBI Balanced Advantage Fund
2024-04-18,,,,14.1784,SBI Balanced Advantage Fund
2024-04-19,,,,14.1846,SBI Balanced Advantage Fund
2024-04-22,,,,14.1992,SBI Balanced Advantage Fund
2024-04-23,,,,14.2236,SBI Balanced Advantage Fund
2024-04-24,,,,14.2699,SBI Balanced Advantage Fund
2024-04-25,,,,14.2964,SBI Balanced Advantage Fund
2024-04-26,,,,14.3149,SBI Balanced Advantage Fund
2024-04-29,,,,14.3478,SBI Balanced Advantage Fund
2024-04-30,,,,14.3355,SBI Balanced Advantage Fund
2024-05-02,,,,14.3709,SBI Balanced Advantage Fund
2024-05-03,,,,14.3611,SBI Balanced Advantage Fund
2024-05-06,,,,14.3373,SBI Balanced Advantage Fund
2024-05-07,,,,14.2614,SBI Balanced Advantage Fund
2024-05-08,,,,14.2981,SBI Balanced Advantage Fund
2024-05-09,,,,14.1949,SBI Balanced Advantage Fund
2024-05-10,,,,14.2408,SBI Balanced Advantage Fund
2024-05-13,,,,14.2503,SBI Balanced Advantage Fund
2024-05-14,,,,14.3074,SBI Balanced Advantage Fund
2024-05-15,,,,14.3141,SBI Balanced Advantage Fund
2024-05-16,,,,14.355,SBI Balanced Advantage Fund
2024-05-17,,,,14.4204,SBI Balanced Advantage Fund
2024-05-21,,,,14.4511,SBI Balanced Advantage Fund
2024-05-22,,,,14.4715,SBI Balanced Advantage Fund
2024-05-23,,,,14.5151,SBI Balanced Advantage Fund
2024-05-24,,,,14.5016,SBI Balanced Advantage Fund
2024-05-27,,,,14.5022,SBI Balanced Advantage Fund
2024-05-28,,,,14.4781,SBI Balanced Advantage Fund
2024-05-29,,,,14.4601,SBI Balanced Advantage Fund
2024-05-30,,,,14.393,SBI Balanced Advantage Fund
2024-05-31,,,,14.4369,SBI Balanced Advantage Fund
2024-06-03,,,,14.6462,SBI Balanced Advantage Fund
2024-06-04,,,,14.2346,SBI Balanced Advantage Fund
2024-06-05,,,,14.4156,SBI Balanced Advantage Fund
2024-06-06,,,,14.5229,SBI Balanced Advantage Fund
2024-06-07,,,,14.6362,SBI Balanced Advantage Fund
2024-06-10,,,,14.6596,SBI Balanced Advantage Fund
2024-06-11,,,,14.6928,SBI Balanced Advantage Fund
2024-06-12,,,,14.7385,SBI Balanced Advantage Fund
2024-06-13,,,,14.7621,SBI Balanced Advantage Fund
2024-06-14,,,,14.8061,SBI Balanced Advantage Fund
2024-06-18,,,,14.8059,SBI Balanced Advantage Fund
2024-06-19,,,,14.7825,SBI Balanced Advantage Fund
2024-06-20,,,,14.8033,SBI Balanced Advantage Fund
2024-06-21,,,,14.7838,SBI Balanced Advantage Fund
2024-06-24,,,,14.7833,SBI Balanced Advantage Fund
2024-06-25,,,,14.7972,SBI Balanced Advantage Fund
2024-06-26,,,,14.8199,SBI Balanced Advantage Fund
2024-06-27,,,,14.848,SBI Balanced Advantage Fund
2024-06-28,,,,14.8505,SBI Balanced Advantage Fund
2024-06-30,,,,14.8516,SBI Balanced Advantage Fund
2024-07-01,,,,14.8836,SBI Balanced Advantage Fund
2024-07-02,,,,14.8891,SBI Balanced Advantage Fund
2024-07-03,,,,14.9145,SBI Balanced Advantage Fund
2024-07-04,,,,14.9071,SBI Balanced Advantage Fund
2024-07-05,,,,14.9342,SBI Balanced Advantage Fund
2024-07-08,,,,14.9254,SBI Balanced Advantage Fund
2024-07-09,,,,14.9641,SBI Balanced Advantage Fund
2024-07-10,,,,14.969,SBI Balanced Advantage Fund
2024-07-11,,,,14.9959,SBI Balanced Advantage Fund
2024-07-12,,,,15.0045,SBI Balanced Advantage Fund
2024-07-15,,,,15.0259,SBI Balanced Advantage Fund
2024-07-16,,,,15.0403,SBI Balanced Advantage Fund
2024-07-18,,,,15.0442,SBI Balanced Advantage Fund
2024-07-19,,,,14.9573,SBI Balanced Advantage Fund
2024-07-22,,,,14.9658,SBI Balanced Advantage Fund
2024-07-23,,,,14.9448,SBI Balanced Advantage Fund
2024-07-24,,,,15.0119,SBI Balanced Advantage Fund
2024-07-25,,,,15.0409,SBI Balanced Advantage Fund
2024-07-26,,,,15.1243,SBI Balanced Advantage Fund
2024-07-29,,,,15.1372,SBI Balanced Advantage Fund
2024-07-30,,,,15.1463,SBI Balanced Advantage Fund
2024-07-31,,,,15.221,SBI Balanced Advantage Fund
2024-08-01,,,,15.2281,SBI Balanced Advantage Fund
2024-08-02,,,,15.2076,SBI Balanced Advantage Fund
2024-08-05,,,,15.0283,SBI Balanced Advantage Fund
2024-08-06,,,,15.0311,SBI Balanced Advantage Fund
2024-08-07,,,,15.1106,SBI Balanced Advantage Fund
2024-08-08,,,,15.0896,SBI Balanced Advantage Fund
2024-08-09,,,,15.1281,SBI Balanced Advantage Fund
2024-08-12,,,,15.1307,SBI Balanced Advantage Fund
2024-08-13,,,,15.0673,SBI Balanced Advantage Fund
2024-08-14,,,,15.0523,SBI Balanced Advantage Fund
2024-08-16,,,,15.1473,SBI Balanced Advantage Fund
2024-08-19,,,,15.1865,SBI Balanced Advantage Fund
2024-08-20,,,,15.2383,SBI Balanced Advantage Fund
2024-08-21,,,,15.2472,SBI Balanced Advantage Fund
2024-08-22,,,,15.2602,SBI Balanced Advantage Fund
2024-08-23,,,,15.2371,SBI Balanced Advantage Fund
2024-08-26,,,,15.2697,SBI Balanced Advantage Fund
2024-08-27,,,,15.3133,SBI Balanced Advantage Fund
2024-08-28,,,,15.3073,SBI Balanced Advantage Fund
2024-08-29,,,,15.2881,SBI Balanced Advantage Fund
2024-08-30,,,,15.3236,SBI Balanced Advantage Fund
2024-08-31,,,,15.3243,SBI Balanced Advantage Fund
2024-09-02,,,,15.339,SBI Balanced Advantage Fund
2024-09-03,,,,15.3273,SBI Balanced Advantage Fund
2024-09-04,,,,15.3431,SBI Balanced Advantage Fund
2024-09-05,,,,15.321,SBI Balanced Advantage Fund
2024-09-06,,,,15.2711,SBI Balanced Advantage Fund
2024-09-09,,,,15.2493,SBI Balanced Advantage Fund
2024-09-10,,,,15.3022,SBI Balanced Advantage Fund
2024-09-11,,,,15.2831,SBI Balanced Advantage Fund
2024-09-12,,,,15.3524,SBI Balanced Advantage Fund
2024-09-13,,,,15.3672,SBI Balanced Advantage Fund
2024-09-16,,,,15.372,SBI Balanced Advantage Fund
2024-09-17,,,,15.3696,SBI Balanced Advantage Fund
2024-09-18,,,,15.3595,SBI Balanced Advantage Fund
2024-09-19,,,,15.318,SBI Balanced Advantage Fund
2024-09-20,,,,15.3875,SBI Balanced Advantage Fund
2024-09-23,,,,15.4397,SBI Balanced Advantage Fund
2024-09-24,,,,15.4777,SBI Balanced Advantage Fund
2024-09-25,,,,15.4893,SBI Balanced Advantage Fund
2024-09-26,,,,15.5254,SBI Balanced Advantage Fund
2024-09-27,,,,15.5172,SBI Balanced Advantage Fund
2024-09-30,,,,15.4903,SBI Balanced Advantage Fund
2024-10-01,,,,15.492,SBI Balanced Advantage Fund
2024-10-03,,,,15.3945,SBI Balanced Advantage Fund
2024-10-04,,,,15.3577,SBI Balanced Advantage Fund
2024-10-07,,,,15.2612,SBI Balanced Advantage Fund
2024-10-08,,,,15.309,SBI Balanced Advantage Fund
2024-10-09,,,,15.3427,SBI Balanced Advantage Fund
2024-10-10,,,,15.3228,SBI Balanced Advantage Fund
2024-10-11,,,,15.3341,SBI Balanced Advantage Fund
2024-10-14,,,,15.3793,SBI Balanced Advantage Fund
2024-10-15,,,,15.3837,SBI Balanced Advantage Fund
2024-10-16,,,,15.3788,SBI Balanced Advantage Fund
2024-10-17,,,,15.3251,SBI Balanced Advantage Fund
2024-10-18,,,,15.3504,SBI Balanced Advantage Fund
2024-10-21,,,,15.3447,SBI Balanced Advantage Fund
2024-10-22,,,,15.2551,SBI Balanced Advantage Fund
2024-10-23,,,,15.2724,SBI Balanced Advantage Fund
2024-10-24,,,,15.2865,SBI Balanced Advantage Fund
2024-10-25,,,,15.2264,SBI Balanced Advantage Fund
2024-10-28,,,,15.1945,SBI Balanced Advantage Fund
2024-10-29,,,,15.2303,SBI Balanced Advantage Fund
2024-10-30,,,,15.202,SBI Balanced Advantage Fund
2024-10-31,,,,15.1866,SBI Balanced Advantage Fund
2024-11-04,,,,15.1673,SBI Balanced Advantage Fund
2024-11-05,,,,15.1941,SBI Balanced Advantage Fund
2024-11-06,,,,15.287,SBI Balanced Advantage Fund
2024-11-07,,,,15.2479,SBI Balanced Advantage Fund
2024-11-08,,,,15.2205,SBI Balanced Advantage Fund
2024-11-11,,,,15.2335,SBI Balanced Advantage Fund
2024-11-12,,,,15.1811,SBI Balanced Advantage Fund
2024-11-13,,,,15.0825,SBI Balanced Advantage Fund
2024-11-14,,,,15.0772,SBI Balanced Advantage Fund
2024-11-18,,,,15.067,SBI Balanced Advantage Fund
2024-11-19,,,,15.0825,SBI Balanced Advantage Fund
2024-11-21,,,,15.0613,SBI Balanced Advantage Fund
2024-11-22,,,,15.1188,SBI Balanced Advantage Fund
2024-11-25,,,,15.1958,SBI Balanced Advantage Fund
2024-11-26,,,,15.1948,SBI Balanced Advantage Fund
2024-11-27,,,,15.2113,SBI Balanced Advantage Fund
2024-11-28,,,,15.1774,SBI Balanced Advantage Fund
2024-11-29,,,,15.2178,SBI Balanced Advantage Fund
2024-11-30,,,,15.2185,SBI Balanced Advantage Fund
2024-12-02,,,,15.2717,SBI Balanced Advantage Fund
2024-12-03,,,,15.3372,SBI Balanced Advantage Fund
2024-12-04,,,,15.354,SBI Balanced Advantage Fund
2024-12-05,,,,15.3824,SBI Balanced Advantage Fund
2024-12-06,,,,15.3703,SBI Balanced Advantage Fund
2024-12-09,,,,15.3726,SBI Balanced Advantage Fund
2024-12-10,,,,15.3681,SBI Balanced Advantage Fund
2024-12-11,,,,15.3744,SBI Balanced Advantage Fund
2024-12-12,,,,15.3603,SBI Balanced Advantage Fund
2024-12-13,,,,15.3741,SBI Balanced Advantage Fund
2024-12-16,,,,15.3471,SBI Balanced Advantage Fund
2024-12-17,,,,15.2827,SBI Balanced Advantage Fund
2024-12-18,,,,15.2479,SBI Balanced Advantage Fund
2024-12-19,,,,15.2241,SBI Balanced Advantage Fund
2024-12-20,,,,15.1102,SBI Balanced Advantage Fund
2024-12-23,,,,15.1536,SBI Balanced Advantage Fund
2024-12-24,,,,15.1668,SBI Balanced Advantage Fund
2024-12-26,,,,15.1572,SBI Balanced Advantage Fund
2024-12-27,,,,15.154,SBI Balanced Advantage Fund
2024-12-30,,,,15.136,SBI Balanced Advantage Fund
2024-12-31,,,,15.1661,SBI Balanced Advantage Fund
2025-01-01,,,,15.1863,SBI Balanced Advantage Fund
2025-01-02,,,,15.2632,SBI Balanced Advantage Fund
2025-01-03,,,,15.2453,SBI Balanced Advantage Fund
2025-01-06,,,,15.1384,SBI Balanced Advantage Fund
2025-01-07,,,,15.1643,SBI Balanced Advantage Fund
2025-01-08,,,,15.1429,SBI Balanced Advantage Fund
2025-01-09,,,,15.0854,SBI Balanced Advantage Fund
2025-01-10,,,,15.0503,SBI Balanced Advantage Fund
2025-01-13,,,,14.9219,SBI Balanced Advantage Fund
2025-01-14,,,,14.9813,SBI Balanced Advantage Fund
2025-01-15,,,,15.0015,SBI Balanced Advantage Fund
2025-01-16,,,,15.0624,SBI Balanced Advantage Fund
2025-01-17,,,,15.0647,SBI Balanced Advantage Fund
2025-01-20,,,,15.1027,SBI Balanced Advantage Fund
2025-01-21,,,,15.0271,SBI Balanced Advantage Fund
2025-01-22,,,,15.0097,SBI Balanced Advantage Fund
2025-01-23,,,,15.0408,SBI Balanced Advantage Fund
2025-01-24,,,,14.9929,SBI Balanced Advantage Fund
2025-01-27,,,,14.8726,SBI Balanced Advantage Fund
2025-01-28,,,,14.9057,SBI Balanced Advantage Fund
2025-01-29,,,,14.9742,SBI Balanced Advantage Fund
2025-01-30,,,,14.9918,SBI Balanced Advantage Fund
2025-01-31,,,,15.0812,SBI Balanced Advantage Fund
2025-02-03,,,,14.9724,SBI Balanced Advantage Fund
2025-02-04,,,,15.0964,SBI Balanced Advantage Fund
2025-02-05,,,,15.1046,SBI Balanced Advantage Fund
2025-02-06,,,,15.1154,SBI Balanced Advantage Fund
2025-02-07,,,,15.1173,SBI Balanced Advantage Fund
2025-02-10,,,,15.0488,SBI Balanced Advantage Fund
2025-02-11,,,,14.9157,SBI Balanced Advantage Fund
2025-02-12,,,,14.9297,SBI Balanced Advantage Fund
2025-02-13,,,,14.9464,SBI Balanced Advantage Fund
2025-02-14,,,,14.885,SBI Balanced Advantage Fund
2025-02-17,,,,14.8943,SBI Balanced Advantage Fund
2025-02-18,,,,14.9057,SBI Balanced Advantage Fund
2025-02-19,,,,14.9166,SBI Balanced Advantage Fund
2025-02-20,,,,14.9411,SBI Balanced Advantage Fund
2025-02-21,,,,14.9054,SBI Balanced Advantage Fund
2025-02-24,,,,14.8499,SBI Balanced Advantage Fund
2025-02-25,,,,14.8226,SBI Balanced Advantage Fund
2025-02-27,,,,14.8149,SBI Balanced Advantage Fund
2025-02-28,,,,14.6651,SBI Balanced Advantage Fund
2025-03-03,,,,14.6454,SBI Balanced Advantage Fund
2025-03-04,,,,14.6463,SBI Balanced Advantage Fund
2025-03-05,,,,14.7735,SBI Balanced Advantage Fund
2025-03-06,,,,14.8469,SBI Balanced Advantage Fund
2025-03-07,,,,14.8547,SBI Balanced Advantage Fund
2025-03-10,,,,14.8173,SBI Balanced Advantage Fund
2025-03-11,,,,14.8289,SBI Balanced Advantage Fund
2025-03-12,,,,14.8239,SBI Balanced Advantage Fund
2025-03-13,,,,14.8093,SBI Balanced Advantage Fund
2025-03-17,,,,14.8264,SBI Balanced Advantage Fund
2025-03-18,,,,14.9153,SBI Balanced Advantage Fund
2025-03-19,,,,14.9779,SBI Balanced Advantage Fund
2025-03-20,,,,15.0642,SBI Balanced Advantage Fund
2025-03-21,,,,15.1514,SBI Balanced Advantage Fund
2025-03-24,,,,15.2562,SBI Balanced Advantage Fund
2025-03-25,,,,15.2241,SBI Balanced Advantage Fund
2025-03-26,,,,15.1748,SBI Balanced Advantage Fund
2025-03-27,,,,15.2123,SBI Balanced Advantage Fund
2025-03-28,,,,15.2012,SBI Balanced Advantage Fund
2025-03-31,,,,15.2027,SBI Balanced Advantage Fund
2025-04-01,,,,15.1427,SBI Balanced Advantage Fund
2025-04-02,,,,15.2052,SBI Balanced Advantage Fund
2025-04-03,,,,15.1907,SBI Balanced Advantage Fund
2025-04-04,,,,15.0198,SBI Balanced Advantage Fund
2025-04-07,,,,14.7868,SBI Balanced Advantage Fund
2025-04-08,,,,14.9002,SBI Balanced Advantage Fund
2025-04-09,,,,14.8652,SBI Balanced Advantage Fund
2025-04-11,,,,14.9995,SBI Balanced Advantage Fund
2025-04-15,,,,15.1795,SBI Balanced Advantage Fund
2025-04-16,,,,15.2402,SBI Balanced Advantage Fund
2025-04-17,,,,15.3436,SBI Balanced Advantage Fund
2025-04-21,,,,15.4743,SBI Balanced Advantage Fund
2025-04-22,,,,15.4945,SBI Balanced Advantage Fund
2025-04-23,,,,15.5803,SBI Balanced Advantage Fund
2025-04-24,,,,15.5596,SBI Balanced Advantage Fund
2025-04-25,,,,15.4379,SBI Balanced Advantage Fund
2025-04-28,,,,15.566,SBI Balanced Advantage Fund
2025-04-29,,,,15.5884,SBI Balanced Advantage Fund
2025-04-30,,,,15.5951,SBI Balanced Advantage Fund
2025-05-02,,,,15.6064,SBI Balanced Advantage Fund
2025-05-05,,,,15.6629,SBI Balanced Advantage Fund
2025-05-06,,,,15.5785,SBI Balanced Advantage Fund
2025-05-07,,,,15.6186,SBI Balanced Advantage Fund
2025-05-08,,,,15.5138,SBI Balanced Advantage Fund
2025-05-09,,,,15.4379,SBI Balanced Advantage Fund
2025-05-12,,,,15.7336,SBI Balanced Advantage Fund
2025-05-13,,,,15.6633,SBI Balanced Advantage Fund
2025-05-14,,,,15.7256,SBI Balanced Advantage Fund
2025-05-15,,,,15.8314,SBI Balanced Advantage Fund
2025-05-16,,,,15.8429,SBI Balanced Advantage Fund
2025-05-19,,,,15.8652,SBI Balanced Advantage Fund
2025-05-20,,,,15.7867,SBI Balanced Advantage Fund
2025-05-21,,,,15.8538,SBI Balanced Advantage Fund
2025-05-22,,,,15.7804,SBI Balanced Advantage Fund
2025-05-23,,,,15.8493,SBI Balanced Advantage Fund
2025-05-26,,,,15.8956,SBI Balanced Advantage Fund
2025-05-27,,,,15.8588,SBI Balanced Advantage Fund
2025-05-28,,,,15.8555,SBI Balanced Advantage Fund
2025-05-29,,,,15.8856,SBI Balanced Advantage Fund
2025-05-30,,,,15.8492,SBI Balanced Advantage Fund
2025-05-31,,,,15.8497,SBI Balanced Advantage Fund
2025-06-02,,,,15.8612,SBI Balanced Advantage Fund
2025-06-03,,,,15.8184,SBI Balanced Advantage Fund
2025-06-04,,,,15.859,SBI Balanced Advantage Fund
2025-06-05,,,,15.8712,SBI Balanced Advantage Fund
2025-06-06,,,,15.9454,SBI Balanced Advantage Fund
2025-06-09,,,,16.0106,SBI Balanced Advantage Fund
2025-06-10,,,,16.0144,SBI Balanced Advantage Fund
2025-06-11,,,,16.0317,SBI Balanced Advantage Fund
2025-06-12,,,,15.9044,SBI Balanced Advantage Fund
2025-06-13,,,,15.8433,SBI Balanced Advantage Fund
2025-06-16,,,,15.9242,SBI Balanced Advantage Fund
2025-06-17,,,,15.8906,SBI Balanced Advantage Fund
2025-06-18,,,,15.8579,SBI Balanced Advantage Fund
2025-06-19,,,,15.8112,SBI Balanced Advantage Fund
2025-06-20,,,,15.9286,SBI Balanced Advantage Fund
2025-06-23,,,,15.8947,SBI Balanced Advantage Fund
2025-06-24,,,,15.9602,SBI Balanced Advantage Fund
2025-06-25,,,,16.0358,SBI Balanced Advantage Fund
2025-06-26,,,,16.1289,SBI Balanced Advantage Fund
2025-06-27,,,,16.1795,SBI Balanced Advantage Fund
2025-06-30,,,,16.167,SBI Balanced Advantage Fund
2025-07-01,,,,16.191,SBI Balanced Advantage Fund
2025-07-02,,,,16.1932,SBI Balanced Advantage Fund
2025-07-03,,,,16.1733,SBI Balanced Advantage Fund
2025-07-04,,,,16.1958,SBI Balanced Advantage Fund
2025-07-07,,,,16.2067,SBI Balanced Advantage Fund
2025-07-08,,,,16.2124,SBI Balanced Advantage Fund
2025-07-09,,,,16.1841,SBI Balanced Advantage Fund
2025-07-10,,,,16.1501,SBI Balanced Advantage Fund
2025-07-11,,,,16.071,SBI Balanced Advantage Fund
2025-07-14,,,,16.0735,SBI Balanced Advantage Fund
2025-07-15,,,,16.1101,SBI Balanced Advantage Fund
2025-07-16,,,,16.1256,SBI Balanced Advantage Fund
2025-07-17,,,,16.0988,SBI Balanced Advantage Fund
2025-07-18,,,,16.0529,SBI Balanced Advantage Fund
2025-07-21,,,,16.0513,SBI Balanced Advantage Fund
2025-07-22,,,,15.9941,SBI Balanced Advantage Fund
2025-07-23,,,,16.0653,SBI Balanced Advantage Fund
2025-07-24,,,,16.0263,SBI Balanced Advantage Fund
2025-07-25,,,,15.9241,SBI Balanced Advantage Fund
2025-07-28,,,,15.8628,SBI Balanced Advantage Fund
2025-07-29,,,,15.938,SBI Balanced Advantage Fund
2025-07-30,,,,15.9403,SBI Balanced Advantage Fund
2025-07-31,,,,15.8644,SBI Balanced Advantage Fund
2025-08-01,,,,15.7647,SBI Balanced Advantage Fund
2025-08-04,,,,15.846,SBI Balanced Advantage Fund
2025-08-05,,,,15.8191,SBI Balanced Advantage Fund
2025-08-06,,,,15.7805,SBI Balanced Advantage Fund
2025-08-07,,,,15.8009,SBI Balanced Advantage Fund
2025-08-08,,,,15.7049,SBI Balanced Advantage Fund
2025-08-11,,,,15.7871,SBI Balanced Advantage Fund
2025-08-12,,,,15.8019,SBI Balanced Advantage Fund
2025-08-13,,,,15.8258,SBI Balanced Advantage Fund
2025-08-14,,,,15.8158,SBI Balanced Advantage Fund
2025-08-18,,,,15.8888,SBI Balanced Advantage Fund
2025-08-19,,,,15.956,SBI Balanced Advantage Fund
2025-08-20,,,,15.9806,SBI Balanced Advantage Fund
2025-08-21,,,,15.9802,SBI Balanced Advantage Fund
2025-08-22,,,,15.915,SBI Balanced Advantage Fund
2025-08-25,,,,15.9279,SBI Balanced Advantage Fund
2025-08-26,,,,15.8132,SBI Balanced Advantage Fund
2025-08-28,,,,15.7436,SBI Balanced Advantage Fund
2025-08-29,,,,15.7182,SBI Balanced Advantage Fund
2025-08-31,,,,15.7192,SBI Balanced Advantage Fund
2025-09-01,,,,15.7853,SBI Balanced Advantage Fund
2025-09-02,,,,15.806,SBI Balanced Advantage Fund
2025-09-03,,,,15.8645,SBI Balanced Advantage Fund
2025-09-04,,,,15.8336,SBI Balanced Advantage Fund
2025-09-05,,,,15.8412,SBI Balanced Advantage Fund
2025-09-08,,,,15.8664,SBI Balanced Advantage Fund
2025-09-09,,,,15.8867,SBI Balanced Advantage Fund
2025-09-10,,,,15.9339,SBI Balanced Advantage Fund
2025-09-11,,,,15.9685,SBI Balanced Advantage Fund
2025-09-12,,,,15.9911,SBI Balanced Advantage Fund
2025-09-15,,,,16.0085,SBI Balanced Advantage Fund
2025-09-16,,,,16.0752,SBI Balanced Advantage Fund
2025-09-17,,,,16.1062,SBI Balanced Advantage Fund
2025-09-18,,,,16.1374,SBI Balanced Advantage Fund
2025-09-19,,,,16.1382,SBI Balanced Advantage Fund
2025-09-22,,,,16.0785,SBI Balanced Advantage Fund
2025-09-23,,,,16.069,SBI Balanced Advantage Fund
2025-09-24,,,,16.0232,SBI Balanced Advantage Fund
2025-09-25,,,,15.9749,SBI Balanced Advantage Fund
2025-09-26,,,,15.8997,SBI Balanced Advantage Fund
2025-09-30,,,,15.9284,SBI Balanced Advantage Fund
2025-10-01,,,,15.9882,SBI Balanced Advantage Fund
2025-10-03,,,,16.0537,SBI Balanced Advantage Fund
2025-10-06,,,,16.0924,SBI Balanced Advantage Fund
2025-10-07,,,,16.1121,SBI Balanced Advantage Fund
2025-10-08,,,,16.0758,SBI Balanced Advantage Fund
2025-10-09,,,,16.1305,SBI Balanced Advantage Fund
2025-10-10,,,,16.1645,SBI Balanced Advantage Fund
2025-10-13,,,,16.1552,SBI Balanced Advantage Fund
2025-10-14,,,,16.1103,SBI Balanced Advantage Fund
2025-10-15,,,,16.181,SBI Balanced Advantage Fund
2025-10-16,,,,16.2504,SBI Balanced Advantage Fund
2025-10-17,,,,16.2587,SBI Balanced Advantage Fund
2025-10-20,,,,16.3767,SBI Balanced Advantage Fund
2025-10-23,,,,16.4036,SBI Balanced Advantage Fund
2025-10-24,,,,16.3874,SBI Balanced Advantage Fund
2025-10-27,,,,16.4819,SBI Balanced Advantage Fund
2025-10-28,,,,16.4846,SBI Balanced Advantage Fund
2025-10-29,,,,16.5797,SBI Balanced Advantage Fund
2025-10-30,,,,16.5176,SBI Balanced Advantage Fund
2025-10-31,,,,16.4884,SBI Balanced Advantage Fund
2025-11-03,,,,16.542,SBI Balanced Advantage Fund
2025-11-04,,,,16.5017,SBI Balanced Advantage Fund
2025-11-06,,,,16.456,SBI Balanced Advantage Fund
2025-11-07,,,,16.4496,SBI Balanced Advantage Fund
2025-11-10,,,,16.4766,SBI Balanced Advantage Fund
2025-11-11,,,,16.5108,SBI Balanced Advantage Fund
2025-11-12,,,,16.5787,SBI Balanced Advantage Fund
2025-11-13,,,,16.5776,SBI Balanced Advantage Fund
2025-11-14,,,,16.5869,SBI Balanced Advantage Fund
2025-11-17,,,,16.6186,SBI Balanced Advantage Fund
2025-11-18,,,,16.5978,SBI Balanced Advantage Fund
2025-11-19,,,,16.6201,SBI Balanced Advantage Fund
2025-11-20,,,,16.6512,SBI Balanced Advantage Fund
2025-11-21,,,,16.5862,SBI Balanced Advantage Fund
2025-11-24,,,,16.553,SBI Balanced Advantage Fund
2025-11-25,,,,16.5614,SBI Balanced Advantage Fund
2025-11-26,,,,16.689,SBI Balanced Advantage Fund
2025-11-27,,,,16.6928,SBI Balanced Advantage Fund
2025-11-28,,,,16.6796,SBI Balanced Advantage Fund
2025-11-30,,,,16.6808,SBI Balanced Advantage Fund
2025-12-01,,,,16.6856,SBI Balanced Advantage Fund
2025-12-02,,,,16.6489,SBI Balanced Advantage Fund
2025-12-03,,,,16.6099,SBI Balanced Advantage Fund
2025-12-04,,,,16.6104,SBI Balanced Advantage Fund
2025-12-05,,,,16.668,SBI Balanced Advantage Fund
2025-12-08,,,,16.5577,SBI Balanced Advantage Fund
2025-12-09,,,,16.5391,SBI Balanced Advantage Fund
2025-12-10,,,,16.5821,SBI Balanced Advantage Fund
2025-12-11,,,,16.6234,SBI Balanced Advantage Fund
2025-12-12,,,,16.6913,SBI Balanced Advantage Fund
2025-12-15,,,,16.6909,SBI Balanced Advantage Fund
2025-12-16,,,,16.6325,SBI Balanced Advantage Fund
2025-12-17,,,,16.6551,SBI Balanced Advantage Fund
2025-12-18,,,,16.669,SBI Balanced Advantage Fund
2025-12-19,,,,16.7297,SBI Balanced Advantage Fund
2025-12-22,,,,16.7704,SBI Balanced Advantage Fund
2025-12-23,,,,16.7814,SBI Balanced Advantage Fund
2025-12-24,,,,16.7656,SBI Balanced Advantage Fund
2025-12-26,,,,16.7421,SBI Balanced Advantage Fund
2025-12-29,,,,16.7144,SBI Balanced Advantage Fund
2025-12-30,,,,16.7378,SBI Balanced Advantage Fund
2025-12-31,,,,16.8244,SBI Balanced Advantage Fund
2026-01-01,,,,16.8292,SBI Balanced Advantage Fund
2026-01-02,,,,16.9156,SBI Balanced Advantage Fund
2026-01-05,,,,16.8731,SBI Balanced Advantage Fund
2026-01-06,,,,16.8138,SBI Balanced Advantage Fund
2026-01-07,,,,16.7846,SBI Balanced Advantage Fund
2026-01-08,,,,16.6403,SBI Balanced Advantage Fund
2026-01-09,,,,16.602,SBI Balanced Advantage Fund
2026-01-12,,,,16.6207,SBI Balanced Advantage Fund
2026-01-13,,,,16.5927,SBI Balanced Advantage Fund
2026-01-14,,,,16.6144,SBI Balanced Advantage Fund
2026-01-16,,,,16.6471,SBI Balanced Advantage Fund
2026-01-19,,,,16.6012,SBI Balanced Advantage Fund
2026-01-20,,,,16.4609,SBI Balanced Advantage Fund
2026-01-21,,,,16.4397,SBI Balanced Advantage Fund
2026-01-22,,,,16.5242,SBI Balanced Advantage Fund
2026-01-23,,,,16.4392,SBI Balanced Advantage Fund
2026-01-27,,,,16.4947,SBI Balanced Advantage Fund
2026-01-28,,,,16.5971,SBI Balanced Advantage Fund
2026-01-29,,,,16.6603,SBI Balanced Advantage Fund
2026-01-30,,,,16.649,SBI Balanced Advantage Fund
2026-01-31,,,,16.6496,SBI Balanced Advantage Fund
2026-02-02,,,,16.5269,SBI Balanced Advantage Fund
2026-02-03,,,,16.6975,SBI Balanced Advantage Fund
2026-02-04,,,,16.7347,SBI Balanced Advantage Fund
2026-02-05,,,,16.7337,SBI Balanced Advantage Fund
2026-02-06,,,,16.7474,SBI Balanced Advantage Fund
2026-02-09,,,,16.819,SBI Balanced Advantage Fund
2026-02-10,,,,16.8675,SBI Balanced Advantage Fund
2026-02-11,,,,16.8651,SBI Balanced Advantage Fund
2026-02-12,,,,16.7995,SBI Balanced Advantage Fund
2026-02-13,,,,16.6804,SBI Balanced Advantage Fund
2026-02-16,,,,16.7421,SBI Balanced Advantage Fund
2026-02-17,,,,16.7896,SBI Balanced Advantage Fund
2026-02-18,,,,16.8341,SBI Balanced Advantage Fund
2026-02-19,,,,16.7328,SBI Balanced Advantage Fund
2026-02-20,,,,16.7701,SBI Balanced Advantage Fund
2026-02-23,,,,16.8157,SBI Balanced Advantage Fund
2026-02-24,,,,16.7543,SBI Balanced Advantage Fund
2026-02-25,,,,16.8155,SBI Balanced Advantage Fund
2026-02-26,,,,16.8521,SBI Balanced Advantage Fund
2026-02-27,,,,16.7751,SBI Balanced Advantage Fund
2026-02-28,,,,16.7761,SBI Balanced Advantage Fund
2026-03-02,,,,16.6489,SBI Balanced Advantage Fund
2026-03-04,,,,16.4313,SBI Balanced Advantage Fund
2026-03-05,,,,16.533,SBI Balanced Advantage Fund
2026-03-06,,,,16.4664,SBI Balanced Advantage Fund
2026-03-09,,,,16.272,SBI Balanced Advantage Fund
2026-03-10,,,,16.3864,SBI Balanced Advantage Fund
2026-03-11,,,,16.2951,SBI Balanced Advantage Fund
2026-03-12,,,,16.2664,SBI Balanced Advantage Fund
2026-03-13,,,,16.086,SBI Balanced Advantage Fund
2026-03-16,,,,16.0942,SBI Balanced Advantage Fund
2026-03-17,,,,16.1398,SBI Balanced Advantage Fund
2026-03-18,,,,16.2156,SBI Balanced Advantage Fund
2026-03-19,,,,15.961,SBI Balanced Advantage Fund
2026-03-20,,,,16.0163,SBI Balanced Advantage Fund
2026-03-23,,,,15.7543,SBI Balanced Advantage Fund
2026-03-24,,,,15.9118,SBI Balanced Advantage Fund
2026-03-25,,,,16.0448,SBI Balanced Advantage Fund
2026-03-27,,,,15.8601,SBI Balanced Advantage Fund
2026-03-30,,,,15.6651,SBI Balanced Advantage Fund
2026-03-31,,,,15.6658,SBI Balanced Advantage Fund
2026-04-01,,,,15.8003,SBI Balanced Advantage Fund
2026-04-02,,,,15.796,SBI Balanced Advantage Fund
2026-04-06,,,,15.8852,SBI Balanced Advantage Fund
2026-04-07,,,,15.9396,SBI Balanced Advantage Fund
2026-04-08,,,,16.3014,SBI Balanced Advantage Fund
2026-04-09,,,,16.2558,SBI Balanced Advantage Fund
2026-04-10,,,,16.3663,SBI Balanced Advantage Fund
2026-04-13,,,,16.3025,SBI Balanced Advantage Fund
2026-04-15,,,,16.4533,SBI Balanced Advantage Fund
2026-04-16,,,,16.4641,SBI Balanced Advantage Fund
2026-04-17,,,,16.5275,SBI Balanced Advantage Fund
2026-04-20,,,,16.5264,SBI Balanced Advantage Fund
2026-04-21,,,,16.6118,SBI Balanced Advantage Fund
2026-04-22,,,,16.5843,SBI Balanced Advantage Fund
2026-04-23,,,,16.501,SBI Balanced Advantage Fund
2026-04-24,,,,16.4031,SBI Balanced Advantage Fund
2026-04-27,,,,16.5237,SBI Balanced Advantage Fund
2026-04-28,,,,16.4993,SBI Balanced Advantage Fund
2026-04-29,,,,16.5461,SBI Balanced Advantage Fund
2026-04-30,,,,16.4859,SBI Balanced Advantage Fund
2026-05-04,,,,16.5693,SBI Balanced Advantage Fund
2026-05-05,,,,16.5118,SBI Balanced Advantage Fund
2026-05-06,,,,16.637,SBI Balanced Advantage Fund
2026-05-07,,,,16.6403,SBI Balanced Advantage Fund
2026-05-08,,,,16.609,SBI Balanced Advantage Fund
2026-05-11,,,,16.4883,SBI Balanced Advantage Fund
2026-05-12,,,,16.3133,SBI Balanced Advantage Fund
2026-05-13,,,,16.3189,SBI Balanced Advantage Fund
2026-05-14,,,,16.3851,SBI Balanced Advantage Fund
2026-05-15,,,,16.3773,SBI Balanced Advantage Fund
2026-05-18,,,,16.342,SBI Balanced Advantage Fund
2026-05-19,,,,16.3566,SBI Balanced Advantage Fund
2026-05-20,,,,16.3525,SBI Balanced Advantage Fund
2026-05-21,,,,16.3475,SBI Balanced Advantage Fund
2026-05-22,,,,16.3854,SBI Balanced Advantage Fund
2026-05-25,,,,16.5262,SBI Balanced Advantage Fund
2026-05-26,,,,16.5114,SBI Balanced Advantage Fund
2026-05-27,,,,16.5179,SBI Balanced Advantage Fund
2026-05-29,,,,16.3998,SBI Balanced Advantage Fund
2026-05-31,,,,16.4009,SBI Balanced Advantage Fund
2026-06-01,,,,16.337,SBI Balanced Advantage Fund
2026-06-02,,,,16.3434,SBI Balanced Advantage Fund
2026-06-03,,,,16.3194,SBI Balanced Advantage Fund
2026-06-04,,,,16.328,SBI Balanced Advantage Fund
2026-06-05,,,,16.3395,SBI Balanced Advantage Fund
2026-06-08,,,,16.2598,SBI Balanced Advantage Fund
2026-06-09,,,,16.2963,SBI Balanced Advantage Fund
2026-06-10,,,,16.2483,SBI Balanced Advantage Fund
2026-06-11,,,,16.1978,SBI Balanced Advantage Fund
2026-06-12,,,,16.3947,SBI Balanced Advantage Fund
2026-06-15,,,,16.4973,SBI Balanced Advantage Fund
2026-06-16,,,,16.5572,SBI Balanced Advantage Fund
2026-06-17,,,,16.5405,SBI Balanced Advantage Fund
2026-06-18,,,,16.5949,SBI Balanced Advantage Fund
2026-06-19,,,,16.5457,SBI Balanced Advantage Fund
2026-06-22,,,,16.6329,SBI Balanced Advantage Fund
2026-06-23,,,,16.5521,SBI Balanced Advantage Fund
2026-06-24,,,,16.6311,SBI Balanced Advantage Fund
2026-06-25,,,,16.6078,SBI Balanced Advantage Fund
2026-06-29,,,,16.5737,SBI Balanced Advantage Fund
2026-06-30,,,,16.5845,SBI Balanced Advantage Fund
2026-07-01,,,,16.6161,SBI Balanced Advantage Fund
2026-07-02,,,,16.6688,SBI Balanced Advantage Fund
2026-07-03,,,,16.6867,SBI Balanced Advantage Fund
2026-07-06,,,,16.7509,SBI Balanced Advantage Fund
2026-07-07,,,,16.7227,SBI Balanced Advantage Fund
2026-07-08,,,,16.5294,SBI Balanced Advantage Fund
2026-07-09,,,,16.586,SBI Balanced Advantage Fund
2026-07-10,,,,16.7255,SBI Balanced Advantage Fund
2026-07-13,,,,16.7261,SBI Balanced Advantage Fund
2026-07-14,,,,16.6561,SBI Balanced Advantage Fund
2026-07-15,,,,16.6816,SBI Balanced Advantage Fund
2026-07-16,,,,16.6682,SBI Balanced Advantage Fund
2026-07-17,,,,16.7263,SBI Balanced Advantage Fund
2026-07-20,,,,16.7226,SBI Balanced Advantage Fund
2026-07-21,,,,16.7268,SBI Balanced Advantage Fund
2026-07-22,,,,16.624,SBI Balanced Advantage Fund
2026-07-23,,,,16.5589,SBI Balanced Advantage Fund
2026-07-24,,,,16.5428,SBI Balanced Advantage Fund
2026-07-27,,,,16.638,SBI Balanced Advantage Fund
2026-07-28,,,,16.6383,SBI Balanced Advantage Fund
2026-07-29,,,,16.7256,SBI Balanced Advantage Fund
2026-07-30,,,,16.7457,SBI Balanced Advantage Fund
2026-07-31,,,,16.7987,SBI Balanced Advantage Fund
2026-08-03,,,,16.9213,SBI Balanced Advantage Fund
2026-08-04,,,,16.8506,SBI Balanced Advantage Fund
2026-08-05,,,,16.8226,SBI Balanced Advantage Fund
2026-08-06,,,,16.8177,SBI Balanced Advantage Fund
2026-08-07,,,,16.8192,SBI Balanced Advantage Fund
2026-08-10,,,,16.8233,SBI Balanced Advantage Fund
2026-08-11,,,,16.804,SBI Balanced Advantage Fund
2026-08-12,,,,16.8252,SBI Balanced Advantage Fund
2026-08-13,,,,16.8244,SBI Balanced Advantage Fund
2026-08-14,,,,16.778,SBI Balanced Advantage Fund
2026-08-17,,,,16.7355,SBI Balanced Advantage Fund
2026-08-18,,,,16.6883,SBI Balanced Advantage Fund
2026-08-19,,,,16.6557,SBI Balanced Advantage Fund
2026-08-20,,,,16.6856,SBI Balanced Advantage Fund
2026-08-21,,,,16.6857,SBI Balanced Advantage Fund
2026-08-24,,,,16.6838,SBI Balanced Advantage Fund
2026-08-25,,,,16.7112,SBI Balanced Advantage Fund
2026-08-26,,,,16.6658,SBI Balanced Advantage Fund
2026-08-27,,,,16.6289,SBI Balanced Advantage Fund
2026-08-28,,,,16.633,SBI Balanced Advantage Fund
2026-08-31,,,,16.6267,SBI Balanced Advantage Fund
2026-09-01,,,,16.5828,SBI Balanced Advantage Fund
2026-09-02,,,,16.5576,SBI Balanced Advantage Fund
2026-09-03,,,,16.5986,SBI Balanced Advantage Fund
2026-09-04,,,,16.5933,SBI Balanced Advantage Fund
2026-09-07,,,,16.5499,SBI Balanced Advantage Fund
2026-09-08,,,,16.5106,SBI Balanced Advantage Fund
2026-09-09,,,,16.4485,SBI Balanced Advantage Fund
2026-09-10,,,,16.451,SBI Balanced Advantage Fund
2026-09-11,,,,16.4207,SBI Balanced Advantage Fund
2026-09-15,,,,16.3162,SBI Balanced Advantage Fund
2026-09-16,,,,16.3264,SBI Balanced Advantage Fund
2026-09-17,,,,16.3745,SBI Balanced Advantage Fund
